id,name,province_id,city_id
1,آذرشهر,1,0
840,آذر شهر,1,1
1021,تیمورلو,1,1
1054,گوگان,1,1
686,ممقان,1,1
2,اسکو,1,0
1232,اسکو,1,2
807,ایلخچی,1,2
1631,شهرجدیدسهند,1,2
3,اهر,1,0
941,اهر,1,3
4,بستان آباد,1,0
714,بستان آباد,1,4
473,تیکمه داش,1,4
1297,کردکندی,1,4
5,بناب,1,0
995,بناب,1,5
912,خوشه مهر,1,5
6,تبریز,1,0
18738,اسفهلان,1,6
1285,باسمنج,1,6
950,تبریز,1,6
1409,خسروشاه,1,6
1697,سردرود,1,6
18739,لاهیجان,1,6
7,جلفا,1,0
799,جلفا,1,7
1058,سیه رود,1,7
1175,هادیشهر,1,7
8,چاراویماق,1,0
750,قره آغاج,1,8
9,خدا آفرین,1,0
1837,خمارلو,1,9
10169,عاشقلو,1,9
1080,لاریجان,1,9
10,سراب,1,0
541,دوزدوزان,1,10
1368,سراب,1,10
492,شربیان,1,10
1833,مهربان,1,10
11,شبستر,1,0
1519,تسوج,1,11
1331,خامنه,1,11
1002,داریان,1,11
1606,سیس,1,11
1158,شبستر,1,11
1573,شرفخانه,1,11
1559,شند آباد,1,11
573,صوفیان,1,11
1086,علیشاه (علی آباد),1,11
1816,کوزه کنان,1,11
764,وایقان,1,11
12,عجب شیر,1,0
1141,جوان قلعه,1,12
1527,عجب شیر,1,12
13,کلیبر,1,0
800,آبش احمد,1,13
624,کلیبر,1,13
1197,لیلان,1,0
1044,لیلان,1,1197
14,مراغه,1,0
1535,خداجو,1,14
1295,مراغه,1,14
15,مرند,1,0
1828,بناب مرند,1,15
1356,دیزج حسین بیگ,1,15
1494,زنوز,1,15
949,کشکسرای,1,15
1371,مرند,1,15
1398,یامچی,1,15
16,ملکان,1,0
1769,مبارک شهر,1,16
1159,ملکان,1,16
17,میانه,1,0
1661,آچاچی,1,17
1417,آقکند,1,17
1016,ترک,1,17
1597,ترکمانچای,1,17
1855,میانه,1,17
18,هریس,1,0
485,اربطان,1,18
682,بخشایش,1,18
1774,خواجه,1,18
1790,زرنق,1,18
1179,کلوانق,1,18
705,هریس,1,18
19,هشترود,1,0
617,نظر کهریزی,1,19
1516,هشترود,1,19
20,هوراند,1,0
842,هوراند,1,20
21,ورزقان,1,0
1575,خاروانا,1,21
1184,ورزقان,1,21
22,ارومیه,2,0
1296,ارومیه,2,22
1777,سرو,2,22
785,سیلوانه,2,22
691,قوشچی,2,22
1048,نوشین,2,22
23,اشنویه,2,0
1594,اشنویه,2,23
1690,نالوس,2,23
24,باروق,2,0
1556,باروق,2,24
25,بوکان,2,0
565,بوکان,2,25
1867,سیمینه,2,25
26,پلدشت,2,0
1545,پلدشت,2,26
1024,نازک علیا,2,26
27,پیرانشهر,2,0
1038,پیرانشهر,2,27
955,لاجان,2,27
28,تکاب,2,0
741,تخت سلیمان,2,28
1363,تکاب,2,28
29,چالدران,2,0
1026,آواجیق,2,29
753,سیه چشمه,2,29
30,چایپاره,2,0
634,حاجیلار,2,30
1799,قره ضیاءالدین,2,30
31,چهاربرج,2,0
32,خوی,2,0
993,ایواوغلی,2,32
1768,خوی,2,32
653,دیزج دیز,2,32
801,زرآباد,2,32
1354,فیرورق,2,32
1112,قطور,2,32
33,سردشت,2,0
1450,ربط,2,33
488,سردشت,2,33
771,میرآباد,2,33
604,نلاس,2,33
34,سلماس,2,0
520,تازه شهر,2,34
1176,سلماس,2,34
35,شاهین دژ,2,0
509,شاهیندژ,2,35
822,کشاورز,2,35
1004,محمودآباد,2,35
36,شوط,2,0
1254,شوط,2,36
1750,مرگنلر,2,36
1549,یولاگلدی,2,36
37,ماکو,2,0
550,بازرگان,2,37
1446,ماکو,2,37
38,مهاباد,2,0
943,خلیفان,2,38
1715,گوگ تپه,2,38
1618,مهاباد,2,38
39,میاندوآب,2,0
1301,بکتاش,2,39
1003,چهار برج,2,39
518,میاندوآب,2,39
1266,میرآباد,2,0
40,نقده,2,0
1870,محمدیار,2,40
1063,نقده,2,40
41,اردبیل,3,0
1468,آراللو,3,41
597,اردبیل,3,41
1728,ثمرین,3,41
1302,هیر,3,41
42,اصلاندوز,3,0
1148,اصلاندوز,3,42
12955,بران علیا,3,42
1190,انگوت,3,0
18642,زیوه,3,1190
43,بیله سوار,3,0
1789,بیله سوار,3,43
1633,جعفر آباد,3,43
44,پارس آباد,3,0
1293,اسلام آباد,3,44
1679,اولتان,3,44
855,پارس آباد,3,44
1634,مغانسر,3,44
45,خلخال,3,0
1431,خلخال,3,45
730,کلور,3,45
1500,هشتجین,3,45
46,سرعین,3,0
1433,اردیموسی,3,46
1217,سرعین,3,46
47,کوثر,3,0
12954,فیروزآباد,3,47
1793,گیوی,3,47
48,گرمی,3,0
1612,تازه کندانگوت,3,48
552,زهرا,3,48
1834,گرمی,3,48
49,مشگین شهر,3,0
681,آلنی,3,49
609,رضی,3,49
1508,فخرآباد,3,49
1101,قصابه,3,49
533,لاهرود,3,49
1140,مرادلو,3,49
674,مشگین شهر,3,49
50,نمین,3,0
1763,آبی بیگلو,3,50
1445,عنبران,3,50
1379,نمین,3,50
51,نیر,3,0
1257,کورائیم,3,51
1470,نیر,3,51
52,آران و بیدگل,4,0
1381,آران و بیدگل,4,52
1622,ابوزیدآباد,4,52
793,سفیدشهر,4,52
1255,نوش آباد,4,52
53,اردستان,4,0
1571,اردستان,4,53
1701,زواره,4,53
649,مهاباد,4,53
54,اصفهان,4,0
539,اصفهان,4,54
1095,بهارستان,4,54
781,زیار,4,54
886,قهجاورستان,4,54
55,برخوار,4,0
709,حبیب آباد,4,55
1608,خورزوق,4,55
635,دستگرد,4,55
1343,دولت آباد,4,55
1696,سین,4,55
478,شاپورآباد,4,55
1234,کمشچه,4,55
56,بوئین میاندشت,4,0
961,افوس,4,56
542,بوئین میاندشت,4,56
57,تیران و کرون,4,0
1730,تیران,4,57
778,رضوانشهر,4,57
1348,عسگران,4,57
58,جرقویه,4,0
1852,حسن آباد,4,58
1771,محمدآباد,4,58
1018,نصرآباد,4,58
699,نیک آباد,4,58
59,چادگان,4,0
1249,چادگان,4,59
1841,رزوه,4,59
60,خمینی شهر,4,0
1025,اصغرآباد,4,60
1803,خمینی شهر,4,60
688,درچه,4,60
1271,کوشک,4,60
61,خوانسار,4,0
899,خوانسار,4,61
745,ویست,4,61
62,خور و بیابانک,4,0
1544,جندق,4,62
1522,خور,4,62
1428,فرخی,4,62
63,دهاقان,4,0
703,دهاقان,4,63
1068,گلشن,4,63
64,سمیرم,4,0
1203,بیده,4,64
1702,حنا,4,64
627,سمیرم,4,64
1083,فتح آباد,4,64
1242,کمه,4,64
1209,ونک,4,64
65,شاهین شهر و میمه,4,0
1059,شاهین شهر,4,65
1775,گرگاب,4,65
1821,گزبرخوار,4,65
1011,لای بید,4,65
690,میمه,4,65
1035,وزوان,4,65
66,شهرضا,4,0
1303,شهرضا,4,66
498,منظریه,4,66
67,فریدن,4,0
1074,داران,4,67
1085,دامنه,4,67
68,فریدونشهر,4,0
1031,برف انبار,4,68
757,فریدونشهر,4,68
69,فلاورجان,4,0
820,ابریشم,4,69
1336,اشتر جان,4,69
1028,بهاران شهر,4,69
1579,بوستان,4,69
1131,پیربکران,4,69
1187,زازران,4,69
1069,طاد,4,69
1121,فلاورجان,4,69
625,قهدریجان,4,69
1061,کلیشادوسودرجان,4,69
1291,مینادشت,4,69
70,کاشان,4,0
1153,برزک,4,70
766,جوشقان قالی,4,70
1042,قمصر,4,70
909,کاشان,4,70
1548,کامووچوگان,4,70
1096,مشکات,4,70
1419,نیاسر,4,70
1185,کوهپایه,4,0
643,تودشک,4,1185
1266,سگزی,4,1185
1237,کوهپایه,4,1185
71,گلپایگان,4,0
1279,گلپایگان,4,71
1138,گلشهر,4,71
1383,گوگد,4,71
72,لنجان,4,0
711,باغ بهادران,4,72
645,باغشاد,4,72
1698,چرمهین,4,72
1499,چمگردان,4,72
979,زاینده رود,4,72
1515,زرین شهر,4,72
1275,سده لنجان,4,72
1157,فولادشهر,4,72
683,ورنامخواست,4,72
73,مبارکه,4,0
1818,دهسرخ,4,73
808,دیزیچه,4,73
1521,زیباشهر,4,73
1109,شهر جدید مجلسی,4,73
1435,طالخونچه,4,73
1139,کرکوند,4,73
1412,مبارکه,4,73
74,نائین,4,0
1434,انارک,4,74
1804,بافران,4,74
1323,نائین,4,74
75,نجف آباد,4,0
639,جوزدان,4,75
1444,دهق,4,75
1567,علویجه,4,75
1498,کهریزسنگ,4,75
1410,گلدشت,4,75
618,نجف آباد,4,75
76,نطنز,4,0
554,بادرود,4,76
626,خالدآ باد,4,76
1707,طرق رود,4,76
1171,نطنز,4,76
77,هرند,4,0
1795,اژیه,4,77
1640,هرند,4,77
78,ورزنه,4,0
1853,ورزنه,4,78
79,اشتهارد,5,0
1151,اشتهارد,5,79
1192,پلنگ آباد,5,79
80,چهار باغ,5,0
501,چهارباغ,5,80
81,ساوجبلاغ,5,0
1292,شهرجدیدهشتگرد,5,81
958,کوهسار,5,81
1561,گلسار,5,81
525,هشتگرد,5,81
82,طالقان,5,0
519,طالقان,5,82
83,فردیس,5,0
629,فردیس,5,83
1020,مشکین دشت,5,83
84,کرج,5,0
1190,آسارا,5,84
1727,کرج,5,84
906,کمالشهر,5,84
486,گرمدره,5,84
1583,ماهدشت,5,84
1693,محمدشهر,5,84
85,نظرآباد,5,0
765,تنکمان,5,85
1282,نظرآباد,5,85
86,آبدانان,6,0
670,آبدانان,6,86
602,سراب باغ,6,86
1022,مورموری,6,86
87,ایلام,6,0
775,ایلام,6,87
669,جعفرآباد,6,87
88,ایوان,6,0
671,ایوان,6,88
1313,زرنه,6,88
89,بدره,6,0
1106,بدره,6,89
851,چشمه شیرین,6,89
90,چرداول,6,0
1511,آسمان آباد,6,90
923,بلاوه,6,90
999,سرآبله,6,90
505,شباب,6,90
1184,چوار,6,0
1142,چوار,6,1184
91,دره شهر,6,0
932,دره شهر,6,91
861,ماژین,6,91
92,دهلران,6,0
570,پهله,6,92
18775,دشت عباس,6,92
1127,دهلران,6,92
638,موسیان,6,92
976,میمه,6,92
93,سیروان,6,0
931,لومار,6,93
94,ملکشاهی,6,0
1780,ارکواز,6,94
1162,دلگشا,6,94
1376,مهر,6,94
95,مهران,6,0
632,صالح آباد,6,95
1322,مهران,6,95
1183,هلیلان,6,0
1007,توحید,6,1183
96,بوشهر,7,0
1259,بوشهر,7,96
641,چغادک,7,96
1740,خارک,7,96
584,عالی شهر,7,96
97,تنگستان,7,0
580,آباد,7,97
1534,اهرم,7,97
1791,دلوار,7,97
98,جم,7,0
1876,انارستان,7,98
1832,بهارستان,7,98
825,جم,7,98
1305,ریز,7,98
99,دشتستان,7,0
980,آبپخش,7,99
767,برازجان,7,99
1195,بوشکان,7,99
1785,تنگ ارم,7,99
1389,دالکی,7,99
885,سعدآباد,7,99
1441,شبانکاره,7,99
1352,کلمه,7,99
1523,وحدتیه,7,99
100,دشتی,7,0
1471,بادوله,7,100
577,خورموج,7,100
1079,شنبه,7,100
1099,کاکی,7,100
101,دیر,7,0
1805,آبدان,7,101
515,بردخون,7,101
987,بردستان,7,101
532,بندردیر,7,101
1568,دوراهک,7,101
102,دیلم,7,0
1052,امام حسن,7,102
1049,بندر دیلم,7,102
103,عسلویه,7,0
727,بید خون,7,103
1677,چاه مبارک,7,103
967,عسلویه,7,103
1244,نخل تقی,7,103
104,کنگان,7,0
1227,بندرکنگان,7,104
530,بنک,7,104
847,سیراف,7,104
105,گناوه,7,0
804,بندر ریگ,7,105
1208,بندرگناوه,7,105
118,اسلامشهر,8,0
1243,اسلامشهر,8,118
1218,چهاردانگه,8,118
119,بهارستان,8,0
694,صالحیه,8,119
1128,گلستان,8,119
1756,نسیم شهر,8,119
120,پاکدشت,8,0
742,پاکدشت,8,120
1593,شریف آباد,8,120
1859,فرون آباد,8,120
113,پردیس,8,0
1530,بومهن,8,113
902,خسرو آباد,8,113
871,سعیدآباد,8,113
1641,شهرجدیدپردیس,8,113
121,پیشوا,8,0
1551,پیشوا,8,121
12956,جلیل آباد,8,121
106,تهران,8,0
1051,تهران,8,106
115,دماوند,8,0
1648,آبسرد,8,115
889,آبعلی,8,115
1808,دماوند,8,115
1765,رودهن,8,115
18663,رودهن,8,115
1675,کیلان,8,115
123,رباط کریم,8,0
1623,رباطکریم,8,123
746,شهرجدیدپرند,8,123
1318,نصیرشهر,8,123
124,ری,8,0
1665,باقر شهر,8,124
760,حسن آباد,8,124
1411,ری,8,124
1454,قلعه نو,8,124
790,قیامدشت,8,124
1621,کهریزک,8,124
1283,کوره فرنگی,8,124
1194,شمیرانات,8,0
18644,تجریش,8,1194
128,شمیرانات,8,0
1776,تجریش,8,128
637,شمشک,8,128
1183,فشم,8,128
832,لواسان,8,128
108,شهریار,8,0
1611,باغستان,8,108
1473,شاهد شهر,8,108
642,شهر جدید اندیشه,8,108
1801,شهریار,8,108
490,صبا شهر,8,108
863,فردوسیه,8,108
1542,وحیدیه,8,108
116,فیروزکوه,8,0
1532,ارجمند,8,116
535,فیروزکوه,8,116
110,قدس,8,0
933,قدس,8,110
125,قرچک,8,0
877,قرچک,8,125
111,ملارد,8,0
1393,صفادشت,8,111
18844,صفادشت,8,111
1644,ملارد,8,111
126,ورامین,8,0
904,جواد آباد,8,126
511,ورامین,8,126
129,اردل,16,0
506,اردل,16,129
743,دشتک,16,129
1120,سرخون,16,129
1280,کاج,16,129
130,بروجن,16,0
1469,بروجن,16,130
1546,بلداجی,16,130
1307,سفید دشت,16,130
956,فرادنبه,16,130
1526,گندمان,16,130
1269,نقنه,16,130
131,بن,16,0
1287,بن,16,131
1836,وردنجان,16,131
1562,یان چشمه,16,131
132,خانمیرزا,16,0
685,آلونی,16,132
133,سامان,16,0
1738,سامان,16,133
1055,هوره,16,133
134,شهرکرد,16,0
834,سودجان,16,134
744,سورشجان,16,134
1760,شهر کرد,16,134
1592,طاقانک,16,134
1047,فرخ شهر,16,134
1005,کیان,16,134
696,نافچ,16,134
1614,هارونی,16,134
1414,هفشجان,16,134
135,فارسان,16,0
1838,باباحیدر,16,135
1221,پردنجان,16,135
826,جونقان,16,135
1497,چلیچه,16,135
1108,فارسان,16,135
12842,فیل آباد,16,135
1397,گوجان,16,135
1267,فرخشهر,16,0
1187,فلارد,16,0
1482,مال خلیفه,16,1187
136,کوهرنگ,16,0
698,بازفت,16,136
1377,چلگرد,16,136
1632,صمصامی,16,136
137,کیار,16,0
809,دستناء,16,137
957,شلمزار,16,137
656,گهرو,16,137
1246,ناغان,16,137
138,لردگان,16,0
1558,سردشت لردگان,16,138
1017,لردگان,16,138
1749,منج,16,138
139,بشرویه,17,0
557,ارسک,17,139
1392,بشرویه,17,139
140,بیرجند,17,0
1645,بیرجند,17,140
141,خوسف,17,0
1062,خوسف,17,141
613,ماژان,17,141
1110,محمدشهر,17,141
142,درمیان,17,0
1023,اسدیه,17,142
1082,طبس مسینا,17,142
953,قهستان,17,142
898,گزیک,17,142
143,زیرکوه,17,0
1225,آبیز,17,143
1646,حاجی آباد,17,143
633,زهان,17,143
144,سرایان,17,0
1210,آیسک,17,144
1350,سرایان,17,144
731,سه قلعه,17,144
145,سربیشه,17,0
1806,درح,17,145
1866,سربیشه,17,145
1792,مود,17,145
146,طبس,17,0
1735,دیهوک,17,146
911,طبس,17,146
819,عشق آباد,17,146
147,فردوس,17,0
536,اسلامیه,17,147
700,باغستان,17,147
837,فردوس,17,147
148,قائنات,17,0
665,آرین شهر,17,148
537,اسفدن,17,148
720,خضری دشت بیاض,17,148
1284,قاین,17,148
493,نیمبلوک,17,148
149,نهبندان,17,0
1304,شوسف,17,149
1228,نهبندان,17,149
150,باخرز,18,0
1490,باخرز,18,150
1557,قلعه نوعلیا,18,150
151,بجستان,18,0
1215,بجستان,18,151
1673,یونسی,18,151
152,بردسکن,18,0
922,انابد,18,152
1333,بردسکن,18,152
1289,شهرآباد,18,152
154,تایباد,18,0
751,تایباد,18,154
937,کاریز,18,154
1448,مشهدریزه,18,154
155,تربت جام,18,0
989,احمدآبادصولت,18,155
1160,تربت جام,18,155
1662,سمیع آباد,18,155
1686,نصرآباد,18,155
1480,نیل شهر,18,155
156,تربت حیدریه,18,0
1156,بایک,18,156
1856,تربت حیدریه,18,156
1332,رباط سنگ,18,156
1094,کدکن,18,156
12948,نسر,18,156
157,جغتای,18,0
1596,جغتای,18,157
959,ریواده,18,157
158,جوین,18,0
1012,حکم آباد,18,158
977,نقاب,18,158
159,چناران,18,0
507,چناران,18,159
1345,رادکان,18,159
587,سیدآباد,18,159
160,خلیل آباد,18,0
1706,خلیل آباد,18,160
1513,کندر,18,160
161,خواف,18,0
1778,خواف,18,161
917,سده,18,161
487,سلامی,18,161
1395,سنگان,18,161
1699,قاسم آباد,18,161
1420,نشتیفان,18,161
162,خوشاب,18,0
1517,سلطان آباد,18,162
697,مشکان,18,162
1825,نوده انقلاب,18,162
163,داورزن,18,0
1199,داورزن,18,163
646,ریوند,18,163
164,درگز,18,0
1369,چاپشلو,18,164
1270,درگز,18,164
1314,لطف آباد,18,164
971,نوخندان,18,164
165,رشتخوار,18,0
841,جنگل,18,165
1758,رشتخوار,18,165
166,زاوه,18,0
1258,چخماق,18,166
1077,دولت آباد,18,166
167,زبرخان,18,0
1186,اسحق آباد,18,167
712,خرو,18,167
1796,درود,18,167
962,قدمگاه,18,167
168,سبزوار,18,0
1248,روداب,18,168
1251,سبزوار,18,168
169,سرخس,18,0
667,سرخس,18,169
1194,مزدآوند,18,169
170,ششتمد,18,0
964,ششتمد,18,170
171,صالح آباد,18,0
1863,جنت آباد,18,171
708,صالح آباد,18,171
153,طرقبه شاندیز,18,0
875,شاندیز,18,153
1224,طرقبه,18,153
172,فریمان,18,0
852,سفید سنگ,18,172
1170,فرهادگرد,18,172
548,فریمان,18,172
494,قلندرآباد,18,172
173,فیروزه,18,0
763,فیروزه,18,173
770,گرماب,18,173
1845,همت آباد,18,173
174,قوچان,18,0
1236,آلماجق,18,174
1688,باجگیران,18,174
1091,شهرکهنه,18,174
636,قوچان,18,174
849,مزرج,18,174
175,کاشمر,18,0
18666,فرگ قلعه,18,175
795,کاشمر,18,175
176,کلات,18,0
1406,چنار,18,176
1261,شهرزو,18,176
981,کلات,18,176
177,کوهسرخ,18,0
975,ریوش,18,177
178,گلبهار,18,0
1751,گلبهار,18,178
1372,گلمکان,18,178
179,گناباد,18,0
1358,بیدخت,18,179
1547,روشناوند,18,179
1019,کاخک,18,179
925,گناباد,18,179
180,مشهد,18,0
755,رضویه,18,180
1723,مشهد,18,180
1726,ملک آباد,18,180
181,مه ولات,18,0
1477,شادمهر,18,181
1013,فیض آباد,18,181
1191,میان جلگه,18,0
470,عشق آباد,18,1191
182,نیشابور,18,0
870,بار,18,182
805,چکنه,18,182
1871,درود,18,182
1006,نیشابور,18,182
183,اسفراین,19,0
1663,اسفراین,19,183
921,صفی آباد,19,183
1193,بام و صفی آباد,19,0
18638,صفی آباد,19,1193
184,بجنورد,19,0
1762,بجنورد,19,184
879,چناران شهر,19,184
969,حصار گرمخان,19,184
185,جاجرم,19,0
1338,جاجرم,19,185
1613,سنخواست,19,185
1745,شوقان,19,185
186,راز و جرگلان,19,0
1298,راز,19,186
18629,غلامان,19,186
1034,یکه سعود,19,186
18628,یکه سعود جدید,19,186
190,سملقان,19,0
918,آشخانه,19,190
1403,آوا,19,190
1520,قاضی,19,190
187,شیروان,19,0
1325,خانلق,19,187
1382,زیارت,19,187
715,شیروان,19,187
752,قوشخانه,19,187
1130,لوجلی,19,187
188,فاروج,19,0
1222,تیتکانلو,19,188
1681,فاروج,19,188
189,گرمه,19,0
1642,ایور,19,189
803,درق,19,189
1105,گرمه,19,189
1264,مانه,19,0
780,پیش قلعه,19,1264
18832,پیش قلعه(جدید),19,1264
191,آبادان,20,0
1741,آبادان,20,191
1014,اروندکنار,20,191
566,چوئبده,20,191
192,آغاجاری,20,0
880,آغاجاری,20,192
18643,جولکی,20,192
193,امیدیه,20,0
521,امیدیه,20,193
610,جایزان,20,193
18776,جایزان,20,193
853,میانکوه,20,193
194,اندیکا,20,0
884,آبژدان,20,194
591,زاووت,20,194
1201,قلعه خواجه,20,194
195,اندیمشک,20,0
1491,آزادی,20,195
1479,اندیمشک,20,195
1660,بیدروبه,20,195
1605,چم گلک,20,195
1299,حسینیه,20,195
196,اهواز,20,0
1126,الهائی,20,196
1111,اهواز,20,196
197,ایذه,20,0
883,ایذه,20,197
198,باغ ملک,20,0
1651,باغ ملک,20,198
1566,قلعه تل,20,198
1272,میداود,20,198
199,باوی,20,0
806,شیبان,20,199
1553,ملاثانی,20,199
1335,ویس,20,199
200,بندرماهشهر,20,0
684,بندرامام خمینی,20,200
997,بندرماهشهر,20,200
1616,چمران,20,200
201,بهبهان,20,0
707,بهبهان,20,201
1857,تشان,20,201
1452,سردشت,20,201
914,منصوریه,20,201
202,حمیدیه,20,0
1066,حمیدیه,20,202
203,خرمشهر,20,0
1070,خرمشهر,20,203
1202,مینوشهر,20,203
1189,دزپارت,20,0
564,دهدز,20,1189
204,دزفول,20,0
1367,جندی شاپور,20,204
1046,چغامیش,20,204
1324,حمزه,20,204
824,دزفول,20,204
1193,سالند,20,204
1387,سیاه منصور,20,204
1462,شمس آباد,20,204
589,شهرامام,20,204
1188,صفی آباد,20,204
1708,منتظران,20,204
1229,میانرود,20,204
205,دشت آزادگان,20,0
1319,ابوحمیظه,20,205
991,بستان,20,205
972,سوسنگرد,20,205
1136,کوت سیدنعیم,20,205
206,رامشیر,20,0
1362,رامشیر,20,206
1072,مشراگه,20,206
207,رامهرمز,20,0
657,باوج,20,207
726,رامهرمز,20,207
1540,رود زرد ماشین,20,207
579,سلطان آباد,20,207
208,شادگان,20,0
1576,خنافره,20,208
651,دارخوین,20,208
1355,شادگان,20,208
209,شوش,20,0
829,حر,20,209
1819,شوش,20,209
926,فتح المبین,20,209
210,شوشتر,20,0
1538,سرداران,20,210
1703,شرافت,20,210
595,شوشتر,20,210
938,گوریه,20,210
1231,صیدون,20,0
1064,صیدون,20,1231
211,کارون,20,0
590,شیرین شهر,20,211
1342,کوت عبدالله,20,211
18733,کوت عبدالله,20,211
212,کرخه,20,0
1274,الوان,20,212
761,شاوور,20,212
213,گتوند,20,0
1405,ترکالکی,20,213
1493,جنت مکان,20,213
1653,سماله,20,213
558,صالح شهر,20,213
1672,گتوند,20,213
214,لالی,20,0
560,لالی,20,214
215,مسجدسلیمان,20,0
978,عنبر,20,215
1668,گلگیر,20,215
1506,مسجدسلیمان,20,215
216,هفتگل,20,0
1181,هفتگل,20,216
217,هندیجان,20,0
1391,زهره,20,217
614,هندیجان,20,217
218,هویزه,20,0
1321,رفیع,20,218
1144,هویزه,20,218
219,ابهر,21,0
836,ابهر,21,219
1129,صائین قلعه,21,219
648,هیدج,21,219
220,ایجرود,21,0
1659,حلب,21,220
704,زرین آباد,21,220
221,خدابنده,21,0
1260,زرین رود,21,221
1247,سجاس,21,221
583,سهرورد,21,221
695,قیدار,21,221
1390,کرسف,21,221
1329,گرماب,21,221
996,نوربهار,21,221
222,خرمدره,21,0
1167,خرمدره,21,222
223,زنجان,21,0
647,ارمغانخانه,21,223
1360,زنجان,21,223
848,نیکپی,21,223
224,سلطانیه,21,0
907,سلطانیه,21,224
225,طارم,21,0
495,آب بر,21,225
543,چورزق,21,225
226,ماهنشان,21,0
1786,دندی,21,226
668,ماهنشان,21,226
227,آرادان,22,0
839,آرادان,22,227
984,کهن آباد,22,227
228,دامغان,22,0
1719,امیریه,22,228
1475,دامغان,22,228
891,دیباج,22,228
544,کلاته,22,228
229,سرخه,22,0
1755,سرخه,22,229
230,سمنان,22,0
1039,سمنان,22,230
231,شاهرود,22,0
555,بسطام,22,231
812,بیارجمند,22,231
1027,رویان,22,231
815,شاهرود,22,231
901,کلاته خیج,22,231
553,مجن,22,231
232,گرمسار,22,0
908,ایوانکی,22,232
592,گرمسار,22,232
233,مهدی شهر,22,0
1488,درجزین,22,233
968,شهمیرزاد,22,233
1748,مهدیشهر,22,233
234,میامی,22,0
772,رضوان,22,234
882,میامی,22,234
235,ایرانشهر,23,0
596,ایرانشهر,23,235
659,بزمان,23,235
236,بمپور,23,0
1404,بمپور,23,236
12863,قاسم آباد,23,236
1847,محمدان,23,236
237,تفتان,23,0
662,نوک آباد,23,237
238,چابهار,23,0
12864,پلان,23,238
1467,چابهار,23,238
239,خاش,23,0
12865,اسماعیل آباد,23,239
1076,خاش,23,239
1784,ده رئیس,23,239
1599,نوک آباد,23,239
240,دشتیاری,23,0
8755,بریس,23,240
8685,نگور,23,240
241,دلگان,23,0
12866,چگرد,23,241
1267,گلمورتی,23,241
242,راسک,23,0
1067,پارود,23,242
1033,پیشین,23,242
531,راسک,23,242
243,زابل,23,0
748,بنجار,23,243
869,زابل,23,243
244,زاهدان,23,0
1607,زاهدان,23,244
551,سرجنگل,23,244
1430,نصرت آباد,23,244
245,زرآباد,23,0
1720,زرآباد,23,245
246,زهک,23,0
1165,جزینک,23,246
1509,زهک,23,246
247,سراوان,23,0
13135,اسفندک,23,247
833,سراوان,23,247
823,سیرکان,23,247
924,گشت,23,247
586,محمدی,23,247
248,سرباز,23,0
1239,سرباز,23,248
249,سیب و سوران,23,0
1384,سوران,23,249
1770,سیب,23,249
1206,هیدوچ,23,249
250,فنوج,23,0
1238,فنوج,23,250
1065,گتیج,23,250
251,قصرقند,23,0
890,ساربوک,23,251
1286,قصرقند,23,251
252,کنارک,23,0
1413,کنارک,23,252
253,گلشن,23,0
974,جالق,23,253
1148,لاشار,23,0
499,اسپکه,23,1148
254,مهرستان,23,0
8776,آشار,23,254
759,زابلی,23,254
255,میرجاوه,23,0
1308,ریگ ملک,23,255
1009,لادیز,23,255
1288,میرجاوه,23,255
256,نیک شهر,23,0
1496,بنت,23,256
8779,چانف,23,256
942,نیکشهر,23,256
257,نیمروز,23,0
1346,ادیمی,23,257
258,هامون,23,0
1585,علی اکبر,23,258
514,محمدآباد,23,258
259,هیرمند,23,0
1714,دوست محمد,23,259
1669,قرقری,23,259
260,آباده,24,0
747,آباده,24,260
988,ایزدخواست,24,260
1689,بهمن,24,260
862,سورمق,24,260
640,صغاد,24,260
261,ارسنجان,24,0
1090,ارسنجان,24,261
262,استهبان,24,0
951,استهبان,24,262
1827,ایج,24,262
913,رونیز,24,262
263,اقلید,24,0
1180,اقلید,24,263
1565,حسن آباد,24,263
1123,دژکرد,24,263
1839,سده,24,263
264,اوز,24,0
1459,اوز,24,264
1107,کوره,24,264
265,بختگان,24,0
593,آباده طشک,24,265
266,بوانات,24,0
1277,بوانات,24,266
813,مزایجان,24,266
267,بیضا,24,0
1416,بیضا,24,267
268,پاسارگاد,24,0
986,سعادت شهر,24,268
1766,مادرسلیمان,24,268
269,جهرم,24,0
676,جهرم,24,269
678,دوزه,24,269
1536,قطب آباد,24,269
270,جویم,24,0
1635,جویم,24,270
271,خرامه,24,0
787,خرامه,24,271
928,خیراباد,24,271
1440,سلطان شهر,24,271
713,معزابادجابری,24,271
272,خرم بید,24,0
1868,صفاشهر,24,272
973,قادرآباد,24,272
273,خفر,24,0
1265,باب انار,24,273
1125,خاوران,24,273
274,خنج,24,0
1219,خنج,24,274
729,محمله,24,274
275,داراب,24,0
1813,پاسخن,24,275
1010,جنت شهر,24,275
1460,داراب,24,275
631,دوبرجی,24,275
474,رستاق,24,275
1615,فدامی,24,275
276,رستم,24,0
1759,کوپن,24,276
1449,مصیری,24,276
277,زرقان,24,0
528,رحمت آباد,24,277
1637,زرقان,24,277
1685,لپویی,24,277
278,زرین دشت,24,0
788,حاجی آباد,24,278
1168,دبیران,24,278
1757,شهرپیر,24,278
279,سپیدان,24,0
1598,اردکان,24,279
1290,هماشهر,24,279
280,سرچهان,24,0
12952,باغ صفا,24,280
1294,حسامی,24,280
1729,کره ای,24,280
281,سروستان,24,0
1147,سروستان,24,281
1200,کوهنجان,24,281
282,شیراز,24,0
1843,خانه زنیان,24,282
1361,داریان,24,282
1328,شهرجدیدصدرا,24,282
916,شیراز,24,282
283,فراشبند,24,0
644,دهرم,24,283
1826,فراشبند,24,283
500,نوجین,24,283
284,فسا,24,0
1245,زاهدشهر,24,284
1205,ششده,24,284
845,فسا,24,284
1810,قره بلاغ,24,284
1649,میانشهر,24,284
1375,نوبندگان,24,284
285,فیروزآباد,24,0
830,فیروزآباد,24,285
603,میمند,24,285
286,قیروکارزین,24,0
1071,افزر,24,286
725,امام شهر,24,286
1092,قیر,24,286
1084,کارزین,24,286
1146,مبارک آباد,24,286
287,کازرون,24,0
1647,بالاده,24,287
1643,خشت,24,287
1809,کازرون,24,287
740,کنار تخته,24,287
288,کوار,24,0
1150,اکبرآباد,24,288
1543,طسوج,24,288
948,کوار,24,288
1098,مظفری,24,288
289,کوه چنار,24,0
1115,قائمیه,24,289
739,نودان,24,289
290,گراش,24,0
858,ارد,24,290
1463,گراش,24,290
291,لارستان,24,0
576,بنارویه,24,291
1650,بیرم,24,291
1533,خور,24,291
1797,دهکویه,24,291
1878,عمادشهر,24,291
963,لار,24,291
992,لطیفی,24,291
292,لامرد,24,0
1666,اشکنان,24,292
1873,اهل,24,292
1824,چاه ورز,24,292
782,خیرگو,24,292
859,علامرودشت,24,292
934,لامرد,24,292
293,مرودشت,24,0
1365,خانیمن,24,293
1353,رامجرد,24,293
1300,زنگی آباد,24,293
1164,سیدان,24,293
608,فاروق,24,293
1667,فتح آباد,24,293
702,کامفیروز,24,293
1423,مرودشت,24,293
294,ممسنی,24,0
1602,بابامنیر,24,294
791,خومه زار,24,294
1864,نور آباد,24,294
295,مهر,24,0
846,اسیر,24,295
1846,خوزی,24,295
1132,فال,24,295
1337,گله دار,24,295
529,مهر,24,295
1400,وراوی,24,295
296,نی ریز,24,0
784,قطرویه,24,296
484,مشکان,24,296
1306,نی ریز,24,296
297,آبیک,25,0
1351,آبیک,25,297
1807,خاکعلی,25,297
572,زیاران,25,297
475,قشلاق,25,297
298,آوج,25,0
857,آبگرم,25,298
1588,آوج,25,298
299,البرز,25,0
1722,الوند,25,299
843,بیدستان,25,299
1733,شریفیه,25,299
1438,محمدیه,25,299
18777,مهرگان,25,299
300,بوئین زهرا,25,0
722,ارداق,25,300
920,بوئین زهرا,25,300
585,دانسفهان,25,300
1781,سگزآباد,25,300
620,شال,25,300
601,عصمت آباد,25,300
301,تاکستان,25,0
717,اسفرورین,25,301
1694,تاکستان,25,301
1724,خرمدشت,25,301
797,ضیاءآباد,25,301
874,نرجه,25,301
302,قزوین,25,0
1357,اقبالیه,25,302
1060,رازمیان,25,302
1317,سیردان,25,302
1510,قزوین,25,302
936,کوهین,25,302
575,محمودآبادنمونه,25,302
1437,معلم کلایه,25,302
1195,جعفرآباد,26,0
628,جعفریه,26,1195
18735,قاهان,26,1195
303,قم,26,0
561,دستجرد,26,303
1311,سلفچگان,26,303
18791,سلفچگان,26,303
1691,قم,26,303
556,قنوات,26,303
1196,کهک,26,0
827,کهک,26,1196
304,بانه,27,0
1349,آرمرده,27,304
1518,بانه,27,304
1474,بوئین سفلی,27,304
1073,کانی سور,27,304
305,بیجار,27,0
1595,بابارشانی,27,305
1743,بیجار,27,305
1235,پیرتاج,27,305
952,توپ آغاج,27,305
1829,یاسوکند,27,305
306,دهگلان,27,0
1198,بلبان آباد,27,306
1078,دهگلان,27,306
307,دیواندره,27,0
1399,دیواندره,27,307
563,زرینه,27,307
1524,هزارکانیان,27,307
308,سروآباد,27,0
615,اورامان تخت,27,308
930,سروآباد,27,308
309,سقز,27,0
1116,سقز,27,309
502,سنته,27,309
1862,صاحب,27,309
310,سنندج,27,0
1705,حسین آباد,27,310
1823,سنندج,27,310
1787,شویشه,27,310
311,قروه,27,0
1700,دزج,27,311
1717,دلبران,27,311
1447,سریش آباد,27,311
1197,قروه,27,311
738,مالوجه,27,311
312,کامیاران,27,0
1364,کامیاران,27,312
1316,موچش,27,312
313,مریوان,27,0
1704,برده رشه,27,313
838,چناره,27,313
1794,کانی دینار,27,313
1802,مریوان,27,313
314,ارزوئیه,28,0
1451,ارزوئیه,28,314
611,علی آباد,28,314
315,انار,28,0
915,امین شهر,28,315
540,انار,28,315
316,بافت,28,0
776,بافت,28,316
508,بزنجان,28,316
1426,کشکوئیه,28,316
317,بردسیر,28,0
1687,بردسیر,28,317
828,دشتکار,28,317
1603,گلزار,28,317
630,لاله زار,28,317
900,نگار,28,317
318,بم,28,0
1154,بروات,28,318
1851,بم,28,318
1265,جازموریان,28,0
758,زهکلوت,28,1265
319,جیرفت,28,0
1143,بلوک,28,319
1683,جبالبارز,28,319
1366,جیرفت,28,319
945,درب بهشت,28,319
598,علی آباد,28,319
320,رابر,28,0
721,رابر,28,320
489,هنزا,28,320
321,راور,28,0
568,راور,28,321
1658,هجدک,28,321
322,رفسنجان,28,0
1429,بهرمان,28,322
1486,جوادیه الهیه,28,322
1220,رفسنجان,28,322
866,صفائیه,28,322
1854,کشکوئیه,28,322
480,مس سرچشمه,28,322
323,رودبارجنوب,28,0
1081,رودبار,28,323
324,ریگان,28,0
1695,رحمت آباد,28,324
1211,عباس آبادسردار,28,324
481,گنبکی,28,324
1263,محمدآباد,28,324
325,زرند,28,0
897,خانوک,28,325
1334,ریحان,28,325
1505,زرند,28,325
1718,سیریز,28,325
471,یزدان شهر,28,325
326,سیرجان,28,0
810,بلورد,28,326
1812,پاریز,28,326
605,خواجوشهر,28,326
1402,زیدآباد,28,326
998,سیرجان,28,326
1609,نجف شهر,28,326
1476,هماشهر,28,326
327,شهربابک,28,0
1320,جوزم,28,327
1001,خاتون آباد,28,327
1739,خورسند,28,327
534,دهج,28,327
1742,شهربابک,28,327
328,عنبرآباد,28,0
892,دوساری,28,328
1262,عنبرآباد,28,328
479,مردهک,28,328
329,فاریاب,28,0
522,حور پاسفید,28,329
1100,فاریاب,28,329
330,فهرج,28,0
1087,دهنو اسلام اباد,28,330
947,فهرج,28,330
331,قلعه گنج,28,0
1747,چاه دادخدا,28,331
517,رمشک,28,331
732,قلعه گنج,28,331
332,کرمان,28,0
831,اختیارآباد,28,332
1815,اندوهجرد,28,332
1487,باغین,28,332
1849,جوپار,28,332
768,چترود,28,332
1214,راین,28,332
817,زنگی آباد,28,332
677,شهداد,28,332
1439,کاظم آباد,28,332
526,کرمان,28,332
1041,گلباف,28,332
929,ماهان,28,332
666,محی آباد,28,332
333,کهنوج,28,0
814,چاه مرید,28,333
762,دهکهان,28,333
1137,کهنوج,28,333
334,کوهبنان,28,0
960,کوهبنان,28,334
1875,کیانشهر,28,334
335,منوجان,28,0
1721,منوجان,28,335
477,نودژ,28,335
336,نرماشیر,28,0
1670,نرماشیر,28,336
1394,نظام شهر,28,336
337,اسلام آباد غرب,29,0
818,اسلام آبادغرب,29,337
802,حمیل,29,337
338,پاوه,29,0
1639,بان وره,29,338
1682,باینگان,29,338
1230,پاوه,29,338
546,نودشه,29,338
1327,نوسود,29,338
339,ثلاث باباجانی,29,0
773,ازگله,29,339
1089,تازه آباد,29,339
1268,میرآباد,29,339
340,جوانرود,29,0
664,جوانرود,29,340
1779,شروینه,29,340
341,دالاهو,29,0
1767,ریجاب,29,341
1552,کرندغرب,29,341
1453,گهواره,29,341
342,روانسر,29,0
1710,روانسر,29,342
983,شاهو,29,342
343,سرپل ذهاب,29,0
1512,سرپل ذهاب,29,343
344,سنقر,29,0
1432,سطر,29,344
1664,سنقر,29,344
345,صحنه,29,0
1732,صحنه,29,345
1169,میان راهان,29,345
346,قصرشیرین,29,0
1388,سومار,29,346
1711,قصرشیرین,29,346
347,کرمانشاه,29,0
497,رباط,29,347
1163,قلعه,29,347
607,کرمانشاه,29,347
18699,کرمانشاه,29,347
1421,کوزران,29,347
864,هلشی,29,347
348,کنگاور,29,0
1716,کنگاور,29,348
1572,گودین,29,348
349,گیلانغرب,29,0
1731,سرمست,29,349
946,گیلانغرب,29,349
350,هرسین,29,0
1422,بیستون,29,350
1736,هرسین,29,350
351,باشت,30,0
1104,باشت,30,351
504,بوستان,30,351
352,بهمئی,30,0
1015,لیکک,30,352
353,بویراحمد,30,0
1172,چیتاب,30,353
18857,سپیدار,30,353
582,گراب سفلی,30,353
1481,مادوان,30,353
1264,یاسوج,30,353
354,چرام,30,0
1088,چرام,30,354
910,سرفاریاب,30,354
355,دنا,30,0
1753,پاتاوه,30,355
1601,سی سخت,30,355
356,کهگیلویه,30,0
905,دهدشت,30,356
1053,دیشموک,30,356
571,سوق,30,356
524,قلعه رییسی,30,356
357,گچساران,30,0
622,دوگنبدان,30,357
358,لنده,30,0
600,لنده,30,358
1188,مارگون,30,0
1057,مارگون,30,1188
12911,مارگون,30,1188
359,آزادشهر,31,0
1678,آزاد شهر,31,359
523,نگین شهر,31,359
578,نوده خاندوز,31,359
360,آق قلا,31,0
1570,آق قلا,31,360
1492,انبار آلوم,31,360
361,بندرگز,31,0
1309,بندر گز,31,361
1620,نوکنده,31,361
362,ترکمن,31,0
1502,بندرترکمن,31,362
12817,سیجوال,31,362
363,رامیان,31,0
1671,تاتارعلیا,31,363
1713,خان ببین,31,363
1407,دلند,31,363
1754,رامیان,31,363
364,علی آباد کتول,31,0
1425,سنگدوین,31,364
672,علی آباد,31,364
1233,فاضل آباد,31,364
1374,مزرعه,31,364
365,کردکوی,31,0
1456,کردکوی,31,365
366,کلاله,31,0
1783,فراغی,31,366
965,کلاله,31,366
367,گالیکش,31,0
1582,صادق آباد,31,367
621,گالیکش,31,367
18639,ینقاق,31,367
368,گرگان,31,0
894,جلین,31,368
1436,سرخنکلاته,31,368
1861,قرق,31,368
1207,گرگان,31,368
369,گمیشان,31,0
559,سیمین شهر,31,369
1591,گمیش تپه,31,369
370,گنبدکاووس,31,0
1850,اینچه برون,31,370
1489,کرند,31,370
1684,گنبد کاووس,31,370
371,مراوه تپه,31,0
850,گلیداغ,31,371
1442,مراوه تپه,31,371
372,مینودشت,31,0
18843,القجر,31,372
990,دوزین,31,372
1483,مینو دشت,31,372
373,آستارا,32,0
1250,آستارا,32,373
1114,لوندویل,32,373
374,آستانه اشرفیه,32,0
1045,آستانه اشرفیه,32,374
1744,کیاشهر,32,374
375,املش,32,0
944,املش,32,375
1029,رانکوه,32,375
376,بندر انزلی,32,0
1472,بندرانزلی,32,376
1182,خمام,32,0
798,خمام,32,1182
377,رشت,32,0
1008,پیربازار,32,377
728,خشکبیجار,32,377
1872,رشت,32,377
873,سنگر,32,377
1507,کوچصفهان,32,377
1541,لشت نشاء,32,377
1173,لولمان,32,377
378,رضوانشهر,32,0
1273,پره سر,32,378
1155,رضوانشهر,32,378
379,رودبار,32,0
1226,بره سر,32,379
1528,توتکابن,32,379
1725,جیرنده,32,379
903,رستم آباد,32,379
1213,رودبار,32,379
1638,لوشان,32,379
1339,منجیل,32,379
380,رودسر,32,0
619,چابکسر,32,380
1712,رحیم آباد,32,380
1401,رودسر,32,380
588,کلاچای,32,380
1149,واجارگاه,32,380
381,سیاهکل,32,0
783,دیلمان,32,381
1652,سیاهکل,32,381
382,شفت,32,0
1315,احمد سر گوراب,32,382
1848,شفت,32,382
383,صومعه سرا,32,0
1578,صومعه سرا,32,383
661,گوراب زرمیخ,32,383
1610,مرجقل,32,383
384,طوالش,32,0
1772,اسالم,32,384
1056,چوبر,32,384
1124,حویق,32,384
1586,لیسار,32,384
1443,هشتپر,32,384
385,فومن,32,0
939,فومن,32,385
476,ماسوله,32,385
1782,ماکلوان,32,385
386,لاهیجان,32,0
737,رودبنه,32,386
1478,لاهیجان,32,386
387,لنگرود,32,0
811,اطاقور,32,387
1310,چاف وچمخاله,32,387
706,شلمان,32,387
1102,کومله,32,387
733,لنگرود,32,387
388,ماسال,32,0
1359,بازار جمعه,32,388
794,ماسال,32,388
389,ازنا,33,0
718,ازنا,33,389
835,مومن آباد,33,389
390,الیگودرز,33,0
1800,الیگودرز,33,390
660,چمن سلطان,33,390
1840,شاپور آباد,33,390
1241,شول آباد,33,390
391,بروجرد,33,0
652,اشترینان,33,391
1122,بروجرد,33,391
1344,ونایی,33,391
392,پلدختر,33,0
1036,پلدختر,33,392
1574,سراب حمام,33,392
769,معمولان,33,392
393,چگنی,33,0
1581,چم پلک,33,393
940,سراب دوره,33,393
865,ویسیان,33,393
394,خرم آباد,33,0
1240,بیران شهر,33,394
868,خرم آباد,33,394
594,زاغه,33,394
1312,سپید دشت,33,394
1514,مسکن مهر فاز2,33,394
395,دلفان,33,0
12793,برخوردار,33,395
1093,نورآباد,33,395
1554,هفت چشمه,33,395
396,دورود,33,0
1564,چالانچولان,33,396
549,دورود,33,396
12941,ناصرالدین,33,396
397,رومشکان,33,0
1370,چقابل,33,397
9991,سوری,33,397
398,سلسله,33,0
1000,الشتر,33,398
881,فیروز آباد,33,398
399,کوهدشت,33,0
1550,درب گنبد,33,399
1455,کوهدشت,33,399
1589,کوهنانی,33,399
1465,گراب,33,399
400,آمل,34,0
1655,آمل,34,400
895,امام زاده عبدالله,34,400
754,بابکان,34,400
1189,دابودشت,34,400
1737,رینه,34,400
527,گزنک,34,400
401,بابل,34,0
927,امیرکلا,34,401
1177,بابل,34,401
985,خوشرودپی,34,401
512,زرگر,34,401
1457,گتاب,34,401
1103,گلوگاه,34,401
1587,مرزی کلا,34,401
402,بابلسر,34,0
491,بابلسر,34,402
1152,بهنمیر,34,402
1692,هادی شهر,34,402
403,بهشهر,34,0
1380,بهشهر,34,403
1464,خلیل شهر,34,403
735,رستمکلا,34,403
404,تنکابن,34,0
1869,تنکابن,34,404
1504,خرم آباد,34,404
1341,شیرود,34,404
513,نشتارود,34,404
405,جویبار,34,0
1773,جویبار,34,405
1844,کوهی خیل,34,405
406,چالوس,34,0
1584,چالوس,34,406
821,مرزن آباد,34,406
893,هچیرود,34,406
407,رامسر,34,0
12953,دالخانی,34,407
1185,رامسر,34,407
1216,کتالم وسادات شهر,34,407
408,ساری,34,0
1484,آکند,34,408
786,پایین هولار,34,408
1231,ساری,34,408
779,فرح آباد,34,408
734,فریم,34,408
538,کیاسر,34,408
409,سوادکوه,34,0
1539,آلاشت,34,409
1674,پل سفید,34,409
562,زیر آب,34,409
410,سوادکوه شمالی,34,0
1330,شیرگاه,34,410
411,سیمرغ,34,0
1629,کیاکلا,34,411
412,عباس آباد,34,0
1761,سلمانشهر,34,412
1680,عباس آباد,34,412
1569,کلارآباد,34,412
413,فریدونکنار,34,0
483,آستانه سرا,34,413
1628,فریدونکنار,34,413
414,قائم شهر,34,0
606,ارطه,34,414
1814,قائم شهر,34,414
415,کلاردشت,34,0
1212,کلاردشت,34,415
416,گلوگاه,34,0
675,گلوگاه,34,416
417,محمودآباد,34,0
1860,سرخ رود,34,417
1654,محمودآباد,34,417
418,میاندورود,34,0
545,سورک,34,418
1161,طبقده,34,418
419,نکا,34,0
736,نکا,34,419
420,نور,34,0
567,ایزدشهر,34,420
1630,بلده,34,420
1278,چمستان,34,420
1604,رویان,34,420
1874,نور,34,420
421,نوشهر,34,0
1174,پول,34,421
1537,کجور,34,421
1396,نوشهر,34,421
422,آشتیان,35,0
1746,آشتیان,35,422
423,اراک,35,0
994,اراک,35,423
789,داودآباد,35,423
1223,ساروق,35,423
599,شهرجدید امیرکبیر,35,423
919,کارچان,35,423
424,تفرش,35,0
1577,تفرش,35,424
425,خمین,35,0
1326,خمین,35,425
1461,قورچی باشی,35,425
426,خنداب,35,0
872,جاورسیان,35,426
1378,خنداب,35,426
427,دلیجان,35,0
1050,دلیجان,35,427
1656,نراق,35,427
428,زرندیه,35,0
673,پرندک,35,428
1256,خشکرود,35,428
982,رازقان,35,428
1858,زاویه,35,428
1178,مامونیه,35,428
429,ساوه,35,0
1820,آوه,35,429
1617,ساوه,35,429
1097,غرق آباد,35,429
844,نوبران,35,429
430,شازند,35,0
663,آستانه,35,430
1135,توره,35,430
719,شازند,35,430
689,شهباز,35,430
1555,شهرجدیدمهاجران,35,430
1877,هندودر,35,430
431,فراهان,35,0
687,تلخاب,35,431
679,خنجین,35,431
966,فرمهین,35,431
432,کمیجان,35,0
716,کمیجان,35,432
547,میلاجرد,35,432
433,محلات,35,0
756,محلات,35,433
1133,نیمور,35,433
434,ابوموسی,36,0
854,ابوموسی,36,434
435,بستک,36,0
1253,بستک,36,435
496,جناح,36,435
1032,کوخردهرنگ,36,435
693,کوهیچ,36,435
970,هنگویه,36,435
436,بشاگرد,36,0
723,سردشت,36,436
1182,گوهران,36,436
437,بندرعباس,36,0
581,بندرعباس,36,437
816,تازیان پایین,36,437
1466,تخت,36,437
1600,فین,36,437
1495,قلعه قاضی,36,437
1590,هرمز,36,437
438,بندرلنگه,36,0
1619,بندرلنگه,36,438
710,چارک,36,438
856,کنگ,36,438
1625,کیش,36,438
1075,لمزان,36,438
439,پارسیان,36,0
1113,پارسیان,36,439
1196,دشتی,36,439
1503,کوشکنار,36,439
440,جاسک,36,0
749,بندرجاسک,36,440
1204,لیردف,36,440
441,حاجی آباد,36,0
887,حاجی آباد,36,441
1340,سرگز,36,441
896,فارغان,36,441
442,خمیر,36,0
1627,پل,36,442
1822,خمیر,36,442
1485,رویدر,36,442
774,شهر جدیدعلوی,36,442
443,رودان,36,0
1386,بالاشهر,36,443
510,بیکاه,36,443
1134,دهبارز,36,443
1636,زیارتعلی,36,443
444,سیریک,36,0
1424,سیریک,36,444
503,کوهستک,36,444
1347,گروک,36,444
445,قشم,36,0
1624,درگهان,36,445
867,رمکان,36,445
1501,سوزا,36,445
1842,طبل,36,445
1030,قشم,36,445
446,میناب,36,0
1626,بندزرک,36,446
1529,تیرور,36,446
1734,زهوکی,36,446
616,سندرک,36,446
569,کرگان,36,446
792,میناب,36,446
1118,هشتبندی,36,446
447,اسدآباد,37,0
1580,آجین,37,447
1798,اسدآباد,37,447
1764,پالیز,37,447
448,بهار,37,0
1830,بهار,37,448
658,صالح آباد,37,448
1119,لالجین,37,448
1657,مهاجران,37,448
449,تویسرکان,37,0
876,تویسرکان,37,449
680,سرکان,37,449
1831,فرسفج,37,449
450,درگزین,37,0
18662,شاهنجرین,37,450
1252,قروه درگزین,37,450
1531,کرفس,37,450
451,رزن,37,0
1709,دمق,37,451
1043,رزن,37,451
452,فامنین,37,0
1458,فامنین,37,452
453,کبودرآهنگ,37,0
1281,شیرین سو,37,453
1418,کبودرآهنگ,37,453
1166,گل تپه,37,453
454,ملایر,37,0
954,ازندریان,37,454
1563,اسلامشهر آق گل,37,454
1835,جوکار,37,454
796,زنگنه,37,454
1408,سامن,37,454
1191,ملایر,37,454
455,نهاوند,37,0
878,برزول,37,455
1040,فیروزان,37,455
724,گیان,37,455
1752,نهاوند,37,455
456,همدان,37,0
1373,جورقان,37,456
777,قهاوند,37,456
1427,مریانج,37,456
650,همدان,37,456
457,ابرکوه,38,0
1817,ابرکوه,38,457
612,مهردشت,38,457
458,اردکان,38,0
888,احمدآباد,38,458
692,اردکان,38,458
1415,خرانق,38,458
1560,عقدا,38,458
459,اشکذر,38,0
935,اشکذر,38,459
860,خضرآباد,38,459
12812,مجومرد,38,459
460,بافق,38,0
482,بافق,38,460
461,بهاباد,38,0
701,بهاباد,38,461
462,تفت,38,0
574,بخ,38,462
1276,تفت,38,462
472,نیر,38,462
463,خاتم,38,0
654,هرات,38,463
1192,زارچ,38,0
1788,زارچ,38,1192
464,مروست,38,0
1525,مروست,38,464
465,مهریز,38,0
1037,مهریز,38,465
466,میبد,38,0
655,بفروئیه,38,466
1865,میبد,38,466
623,ندوشن,38,466
467,یزد,38,0
1117,حمیدیا,38,467
1385,شاهدیه,38,467
1811,یزد,38,467
